{"cameraMode":{"drawMode":0,"name":"Shaded","section":"Shading Mode"},"sceneLighting":false,"audioPlay":false,"sceneViewState":{"m_AlwaysRefresh":false,"showFog":true,"showSkybox":false,"showFlares":true,"showImageEffects":true,"showParticleSystems":true,"showVisualEffectGraphs":true,"m_FxEnabled":true},"in2DMode":false,"pivot":{"x":9.715283393859864,"y":5.0035529136657719,"z":-3.730806350708008},"rotation":{"x":0.046875257045030597,"y":-0.9312527775764465,"z":0.1255723536014557,"w":0.33958885073661806},"size":0.5945417284965515,"orthographic":false}