{"cameraMode":{"drawMode":0,"name":"Shaded","section":"Shading Mode"},"sceneLighting":false,"audioPlay":false,"sceneViewState":{"m_AlwaysRefresh":false,"showFog":true,"showSkybox":false,"showFlares":true,"showImageEffects":true,"showParticleSystems":true,"showVisualEffectGraphs":true,"m_FxEnabled":true},"in2DMode":false,"pivot":{"x":-15.652410507202149,"y":-4.634363174438477,"z":31.843101501464845},"rotation":{"x":0.10769788920879364,"y":-0.22041742503643037,"z":0.023396754637360574,"w":0.969409167766571},"size":20.183185577392579,"orthographic":false}