{"cameraMode":{"drawMode":0,"name":"Shaded","section":"Shading Mode"},"sceneLighting":false,"audioPlay":false,"sceneViewState":{"m_AlwaysRefresh":false,"showFog":true,"showSkybox":false,"showFlares":true,"showImageEffects":true,"showParticleSystems":true,"showVisualEffectGraphs":true,"m_FxEnabled":true},"in2DMode":false,"pivot":{"x":0.047337472438812259,"y":-0.08286988735198975,"z":0.07740974426269531},"rotation":{"x":-0.24280008673667909,"y":-0.3325421214103699,"z":0.09011879563331604,"w":-0.9071061015129089},"size":0.3193027079105377,"orthographic":false}