{"cameraMode":{"drawMode":0,"name":"Shaded","section":"Shading Mode"},"sceneLighting":false,"audioPlay":false,"sceneViewState":{"m_AlwaysRefresh":false,"showFog":true,"showSkybox":false,"showFlares":true,"showImageEffects":true,"showParticleSystems":true,"showVisualEffectGraphs":true,"m_FxEnabled":true},"in2DMode":false,"pivot":{"x":-0.9085967540740967,"y":0.08378934860229492,"z":3.4606356620788576},"rotation":{"x":0.0876149907708168,"y":-0.07915794849395752,"z":0.005962601862847805,"w":0.9932396411895752},"size":7.523499488830566,"orthographic":false}