{"cameraMode":{"drawMode":0,"name":"Shaded","section":"Shading Mode"},"sceneLighting":false,"audioPlay":false,"sceneViewState":{"m_AlwaysRefresh":false,"showFog":true,"showSkybox":false,"showFlares":true,"showImageEffects":true,"showParticleSystems":true,"showVisualEffectGraphs":true,"m_FxEnabled":true},"in2DMode":false,"pivot":{"x":-0.08366455137729645,"y":-0.05530649423599243,"z":0.15033873915672303},"rotation":{"x":0.12630976736545564,"y":-0.22859157621860505,"z":0.028899189084768297,"w":0.9651187658309937},"size":0.33833712339401247,"orthographic":false}